iteration,task,best_answer,response,eval_response
0,How does a computer understand itself?,"
","1. Define the concept of self-awareness and its importance for computers.
2. Explain how computers can be programmed to recognize their own inputs, outputs, and processes.
3. Discuss various techniques used in machine learning and artificial intelligence to develop self-awareness.
4. Provide examples of successful applications that demonstrate self-awareness capabilities in computers.", A
1,How does a computer understand itself?,"1. Define the concept of self-awareness and its importance for computers.
2. Explain how computers can be programmed to recognize their own inputs, outputs, and processes.
3. Discuss various techniques used in machine learning and artificial intelligence to develop self-awareness.
4. Provide examples of successful applications that demonstrate self-awareness capabilities in computers.","1. Define the concept of self-awareness and its importance for computers.
2. Explain how computers can be programmed to recognize their own inputs, outputs, and processes.
3. Discuss various techniques used in machine learning and artificial intelligence to develop self-awareness.
4. Provide examples of successful applications that demonstrate self-awareness capabilities in computers.", B
2,How does a computer understand itself?,"1. Define the concept of self-awareness and its importance for computers.
2. Explain how computers can be programmed to recognize their own inputs, outputs, and processes.
3. Discuss various techniques used in machine learning and artificial intelligence to develop self-awareness.
4. Provide examples of successful applications that demonstrate self-awareness capabilities in computers.","1. Define the concept of self-awareness and its importance for computers.
2. Explain how computers can be programmed to recognize their own inputs, outputs, and processes.
3. Discuss various techniques used in machine learning and artificial intelligence to develop self-awareness.
4. Provide examples of successful applications that demonstrate self-awareness capabilities in computers.", B
